DateTime,Price,Type,Date,Pump_Status
2026-10-02 00:00:00,116.35347,historical,2026-10-02,OFF
2026-10-02 00:30:00,92.93155,historical,2026-10-02,OFF
2026-10-02 01:00:00,91.45763,historical,2026-10-02,OFF
2026-10-02 01:30:00,94.97615,historical,2026-10-02,OFF
2026-10-02 02:00:00,94.84296,historical,2026-10-02,OFF
2026-10-02 02:30:00,96.99,historical,2026-10-02,OFF
2026-10-02 03:00:00,90.0,historical,2026-10-02,OFF
2026-10-02 03:30:00,90.0,historical,2026-10-02,OFF
2026-10-02 04:00:00,90.0,historical,2026-10-02,OFF
2026-10-02 04:30:00,90.0,historical,2026-10-02,OFF
2026-10-02 05:00:00,94.05391,historical,2026-10-02,ON
2026-10-02 05:30:00,93.29092,historical,2026-10-02,ON
2026-10-02 06:00:00,94.99998,historical,2026-10-02,ON
2026-10-02 06:30:00,90.0,historical,2026-10-02,ON
2026-10-02 07:00:00,75.95014,historical,2026-10-02,ON
2026-10-02 07:30:00,69.42034,historical,2026-10-02,ON
2026-10-02 08:00:00,84.79,historical,2026-10-02,ON
2026-10-02 08:30:00,84.79,historical,2026-10-02,ON
2026-10-02 09:00:00,84.79007,forecast,2026-10-02,ON
2026-10-02 09:30:00,76.3,forecast,2026-10-02,ON
2026-10-02 10:00:00,76.3,forecast,2026-10-02,ON
2026-10-02 10:30:00,75.96003,forecast,2026-10-02,ON
2026-10-02 11:00:00,64.02,forecast,2026-10-02,ON
2026-10-02 11:30:00,64.02,forecast,2026-10-02,ON
2026-10-02 12:00:00,64.95007,forecast,2026-10-02,ON
2026-10-02 12:30:00,64.95007,forecast,2026-10-02,ON
2026-10-02 13:00:00,64.02,forecast,2026-10-02,ON
2026-10-02 13:30:00,64.02,forecast,2026-10-02,ON
2026-10-02 14:00:00,64.02,forecast,2026-10-02,ON
2026-10-02 14:30:00,64.95007,forecast,2026-10-02,ON
2026-10-02 15:00:00,73.26,forecast,2026-10-02,ON
2026-10-02 15:30:00,75.95014,forecast,2026-10-02,ON
2026-10-02 16:00:00,64.95007,forecast,2026-10-02,OFF
2026-10-02 16:30:00,64.95007,forecast,2026-10-02,OFF
2026-10-02 17:00:00,82.64259,forecast,2026-10-02,OFF
2026-10-02 17:30:00,100.17832,forecast,2026-10-02,OFF
2026-10-02 18:00:00,119.01,forecast,2026-10-02,OFF
2026-10-02 18:30:00,119.01,forecast,2026-10-02,OFF
2026-10-02 19:00:00,119.01,forecast,2026-10-02,OFF
2026-10-02 19:30:00,118.65,forecast,2026-10-02,OFF
2026-10-02 20:00:00,100.60175,forecast,2026-10-02,OFF
2026-10-02 20:30:00,102.08118,forecast,2026-10-02,OFF
2026-10-02 21:00:00,119.01,forecast,2026-10-02,OFF
2026-10-02 21:30:00,124.30907,forecast,2026-10-02,OFF
2026-10-02 22:00:00,119.0,forecast,2026-10-02,OFF
2026-10-02 22:30:00,100.03881,forecast,2026-10-02,OFF
2026-10-02 23:00:00,102.2147,forecast,2026-10-02,OFF
2026-10-02 23:30:00,99.6884,forecast,2026-10-02,OFF
